Benchmark,Preprocessor,Solver,Timeout,Command,Ingest Duration (ns),Preprocess Duration (ns),SAT Solver Duration (ns),Theory Solver Duration (ns),Graph Overhead Duration (ns),Learn Overhead Duration (ns),Solver Calls,Theory Solver Loops,,,,,,,
,,,,cpulimit -l 100 -- ./qf-idl-solver --preprocessor='nil' --solver='tarjan' --stats --csv --timeout='0' bench/queens_bench/n_queen/queen30-1.smt2 ; cpulimit -l 100 -- ./qf-idl-solver --preprocessor='t-lin' --solver='tarjan' --stats --csv --timeout='0' bench/queens_bench/n_queen/queen30-1.smt2 ; cpulimit -l 100 -- ./qf-idl-solver --preprocessor='t-quad' --solver='tarjan' --stats --csv --timeout='0' bench/queens_bench/n_queen/queen30-1.smt2 ; cpulimit -l 100 -- ./qf-idl-solver --preprocessor='tie-lin' --solver='tarjan' --stats --csv --timeout='0' bench/queens_bench/n_queen/queen30-1.smt2 ; cpulimit -l 100 -- ./qf-idl-solver --preprocessor='tie-quad' --solver='bf-basic' --stats --csv --timeout='5m' bench/queens_bench/n_queen/queen30-1.smt2 ; cpulimit -l 100 -- ./qf-idl-solver --preprocessor='tie-quad' --solver='bf-full' --stats --csv --timeout='5m' bench/queens_bench/n_queen/queen30-1.smt2 ; cpulimit -l 100 -- ./qf-idl-solver --preprocessor='tie-quad' --solver='spfa-basic' --stats --csv --timeout='5m' bench/queens_bench/n_queen/queen30-1.smt2 ; cpulimit -l 100 -- ./qf-idl-solver --preprocessor='tie-quad' --solver='spfa-full' --stats --csv --timeout='5m' bench/queens_bench/n_queen/queen30-1.smt2 ; cpulimit -l 100 -- ./qf-idl-solver --preprocessor='tie-quad' --solver='tarjan' --stats --csv --timeout='0' bench/queens_bench/n_queen/queen30-1.smt2,,,,,,,,,,,,,,,
bench/queens_bench/n_queen/queen30-1.smt2,nil,tarjan,0,cpulimit -l 100 -- ./qf-idl-solver --preprocessor='nil' --solver='tarjan' --stats --csv --timeout='0' bench/queens_bench/n_queen/queen30-1.smt2,43365634,202,6936234847,3412507520,7187424014,1396310336,17114,15754256,,0.043,0.000,6.936,3.413,7.187,1.396
bench/queens_bench/n_queen/queen30-1.smt2,t-lin,tarjan,0,cpulimit -l 100 -- ./qf-idl-solver --preprocessor='t-lin' --solver='tarjan' --stats --csv --timeout='0' bench/queens_bench/n_queen/queen30-1.smt2,37591743,340886,13034258596,5399684556,11463966837,2413825524,26455,25633024,,0.038,0.000,13.034,5.400,11.464,2.414
bench/queens_bench/n_queen/queen30-1.smt2,t-quad,tarjan,0,cpulimit -l 100 -- ./qf-idl-solver --preprocessor='t-quad' --solver='tarjan' --stats --csv --timeout='0' bench/queens_bench/n_queen/queen30-1.smt2,42185074,544333,10545638345,4670668129,9479058724,2061433694,23193,21052999,,0.042,0.001,10.546,4.671,9.479,2.061
bench/queens_bench/n_queen/queen30-1.smt2,tie-lin,tarjan,0,cpulimit -l 100 -- ./qf-idl-solver --preprocessor='tie-lin' --solver='tarjan' --stats --csv --timeout='0' bench/queens_bench/n_queen/queen30-1.smt2,43232188,1513645,24726465983,7569931943,14977436551,3108566113,39670,41780552,,0.043,0.002,24.726,7.570,14.977,3.109
bench/queens_bench/n_queen/queen30-1.smt2,tie-quad,bf-basic,5m,cpulimit -l 100 -- ./qf-idl-solver --preprocessor='tie-quad' --solver='bf-basic' --stats --csv --timeout='5m' bench/queens_bench/n_queen/queen30-1.smt2,44437094,2600234,61693491095,201738663077,29457843287,7075003558,72220,1517091530,,0.044,0.003,61.693,201.739,29.458,7.075
bench/queens_bench/n_queen/queen30-1.smt2,tie-quad,bf-full,5m,cpulimit -l 100 -- ./qf-idl-solver --preprocessor='tie-quad' --solver='bf-full' --stats --csv --timeout='5m' bench/queens_bench/n_queen/queen30-1.smt2,42542804,2276545,60029669744,203300542101,29272222667,7344511251,73226,1539179171,,0.043,0.002,60.030,203.301,29.272,7.345
bench/queens_bench/n_queen/queen30-1.smt2,tie-quad,spfa-basic,5m,cpulimit -l 100 -- ./qf-idl-solver --preprocessor='tie-quad' --solver='spfa-basic' --stats --csv --timeout='5m' bench/queens_bench/n_queen/queen30-1.smt2,43554917,2490940,59148586973,203227529240,30252965345,7336703241,74404,1513792881,,0.044,0.002,59.149,203.228,30.253,7.337
bench/queens_bench/n_queen/queen30-1.smt2,tie-quad,spfa-full,5m,cpulimit -l 100 -- ./qf-idl-solver --preprocessor='tie-quad' --solver='spfa-full' --stats --csv --timeout='5m' bench/queens_bench/n_queen/queen30-1.smt2,42079023,2485826,191463628999,38700792215,56462745578,13299155379,171360,1171990340,,0.042,0.002,191.464,38.701,56.463,13.299
bench/queens_bench/n_queen/queen30-1.smt2,tie-quad,tarjan,0,cpulimit -l 100 -- ./qf-idl-solver --preprocessor='tie-quad' --solver='tarjan' --stats --csv --timeout='0' bench/queens_bench/n_queen/queen30-1.smt2,44997781,2540217,21382556101,6580634443,13258849899,2906880803,36685,35441554,,0.045,0.003,21.383,6.581,13.259,2.907
,,,,cpulimit -l 100 -- ./qf-idl-solver --preprocessor='nil' --solver='tarjan' --stats --csv --timeout='5m' bench/queens_bench/n_queen/queen100-1.smt2 ; cpulimit -l 100 -- ./qf-idl-solver --preprocessor='t-lin' --solver='tarjan' --stats --csv --timeout='5m' bench/queens_bench/n_queen/queen100-1.smt2 ; cpulimit -l 100 -- ./qf-idl-solver --preprocessor='t-quad' --solver='tarjan' --stats --csv --timeout='5m' bench/queens_bench/n_queen/queen100-1.smt2 ; cpulimit -l 100 -- ./qf-idl-solver --preprocessor='tie-lin' --solver='tarjan' --stats --csv --timeout='5m' bench/queens_bench/n_queen/queen100-1.smt2 ; cpulimit -l 100 -- ./qf-idl-solver --preprocessor='tie-quad' --solver='bf-basic' --stats --csv --timeout='5m' bench/queens_bench/n_queen/queen100-1.smt2 ; cpulimit -l 100 -- ./qf-idl-solver --preprocessor='tie-quad' --solver='bf-full' --stats --csv --timeout='5m' bench/queens_bench/n_queen/queen100-1.smt2 ; cpulimit -l 100 -- ./qf-idl-solver --preprocessor='tie-quad' --solver='spfa-basic' --stats --csv --timeout='5m' bench/queens_bench/n_queen/queen100-1.smt2 ; cpulimit -l 100 -- ./qf-idl-solver --preprocessor='tie-quad' --solver='spfa-full' --stats --csv --timeout='5m' bench/queens_bench/n_queen/queen100-1.smt2 ; cpulimit -l 100 -- ./qf-idl-solver --preprocessor='tie-quad' --solver='tarjan' --stats --csv --timeout='5m' bench/queens_bench/n_queen/queen100-1.smt2,,,,,,,,,,,,,,,
bench/queens_bench/n_queen/queen100-1.smt2,nil,tarjan,5m,cpulimit -l 100 -- ./qf-idl-solver --preprocessor='nil' --solver='tarjan' --stats --csv --timeout='5m' bench/queens_bench/n_queen/queen100-1.smt2,1448663713,244,129465707665,14580197686,128916119250,27016625640,"18,150","68,042,894",,1.449,0.000,129.466,14.580,128.916,27.017
bench/queens_bench/n_queen/queen100-1.smt2,t-lin,tarjan,5m,cpulimit -l 100 -- ./qf-idl-solver --preprocessor='t-lin' --solver='tarjan' --stats --csv --timeout='5m' bench/queens_bench/n_queen/queen100-1.smt2,1653508262,6610595,98796832106,32809314575,147097421717,21276389713,"15,733","142,395,436",,1.654,0.007,98.797,32.809,147.097,21.276
bench/queens_bench/n_queen/queen100-1.smt2,t-quad,tarjan,5m,cpulimit -l 100 -- ./qf-idl-solver --preprocessor='t-quad' --solver='tarjan' --stats --csv --timeout='5m' bench/queens_bench/n_queen/queen100-1.smt2,1639390360,11560526,105242981751,29517785907,140340142786,24883831082,"16,115","122,350,857",,1.639,0.012,105.243,29.518,140.340,24.884
bench/queens_bench/n_queen/queen100-1.smt2,tie-lin,tarjan,5m,cpulimit -l 100 -- ./qf-idl-solver --preprocessor='tie-lin' --solver='tarjan' --stats --csv --timeout='5m' bench/queens_bench/n_queen/queen100-1.smt2,1435238086,23464983,106344367177,29826099290,142519848949,21286380053,"15,972","129,745,423",,1.435,0.023,106.344,29.826,142.520,21.286
bench/queens_bench/n_queen/queen100-1.smt2,tie-quad,bf-basic,5m,cpulimit -l 100 -- ./qf-idl-solver --preprocessor='tie-quad' --solver='bf-basic' --stats --csv --timeout='5m' bench/queens_bench/n_queen/queen100-1.smt2,1447418361,102584403,8521520019,273332070369,16818604154,1326142081,"1,587","1,585,064,527",,1.447,0.103,8.522,273.332,16.819,1.326
bench/queens_bench/n_queen/queen100-1.smt2,tie-quad,bf-full,5m,cpulimit -l 100 -- ./qf-idl-solver --preprocessor='tie-quad' --solver='bf-full' --stats --csv --timeout='5m' bench/queens_bench/n_queen/queen100-1.smt2,1559691647,109397033,8897423513,273256774233,16425789259,1385892686,"1,562","1,559,875,285",,1.560,0.109,8.897,273.257,16.426,1.386
bench/queens_bench/n_queen/queen100-1.smt2,tie-quad,spfa-basic,5m,cpulimit -l 100 -- ./qf-idl-solver --preprocessor='tie-quad' --solver='spfa-basic' --stats --csv --timeout='5m' bench/queens_bench/n_queen/queen100-1.smt2,1661238225,87239023,10205865945,271304623913,16634562637,1700236420,"1,598","1,541,352,304",,1.661,0.087,10.206,271.305,16.635,1.700
bench/queens_bench/n_queen/queen100-1.smt2,tie-quad,spfa-full,5m,cpulimit -l 100 -- ./qf-idl-solver --preprocessor='tie-quad' --solver='spfa-full' --stats --csv --timeout='5m' bench/queens_bench/n_queen/queen100-1.smt2,1678504386,78799114,111307016568,32908330797,133583896488,22185046229,"15,361","690,810,130",,1.679,0.079,111.307,32.908,133.584,22.185
bench/queens_bench/n_queen/queen100-1.smt2,tie-quad,tarjan,5m,cpulimit -l 100 -- ./qf-idl-solver --preprocessor='tie-quad' --solver='tarjan' --stats --csv --timeout='5m' bench/queens_bench/n_queen/queen100-1.smt2,1846326057,41489981,111491688531,29191623736,137525358166,21779896002,"15,958","131,964,029",,1.846,0.041,111.492,29.192,137.525,21.780
,,,,cpulimit -l 100 -- ./qf-idl-solver --preprocessor='nil' --solver='tarjan' --stats --csv --timeout='10m' bench/queens_bench/super_queen/super_queen100-1.smt2 ; cpulimit -l 100 -- ./qf-idl-solver --preprocessor='t-lin' --solver='tarjan' --stats --csv --timeout='10m' bench/queens_bench/super_queen/super_queen100-1.smt2 ; cpulimit -l 100 -- ./qf-idl-solver --preprocessor='t-quad' --solver='tarjan' --stats --csv --timeout='10m' bench/queens_bench/super_queen/super_queen100-1.smt2 ; cpulimit -l 100 -- ./qf-idl-solver --preprocessor='tie-lin' --solver='tarjan' --stats --csv --timeout='10m' bench/queens_bench/super_queen/super_queen100-1.smt2 ; cpulimit -l 100 -- ./qf-idl-solver --preprocessor='tie-quad' --solver='bf-basic' --stats --csv --timeout='10m' bench/queens_bench/super_queen/super_queen100-1.smt2 ; cpulimit -l 100 -- ./qf-idl-solver --preprocessor='tie-quad' --solver='bf-full' --stats --csv --timeout='10m' bench/queens_bench/super_queen/super_queen100-1.smt2 ; cpulimit -l 100 -- ./qf-idl-solver --preprocessor='tie-quad' --solver='spfa-basic' --stats --csv --timeout='10m' bench/queens_bench/super_queen/super_queen100-1.smt2 ; cpulimit -l 100 -- ./qf-idl-solver --preprocessor='tie-quad' --solver='spfa-full' --stats --csv --timeout='10m' bench/queens_bench/super_queen/super_queen100-1.smt2 ; cpulimit -l 100 -- ./qf-idl-solver --preprocessor='tie-quad' --solver='tarjan' --stats --csv --timeout='10m' bench/queens_bench/super_queen/super_queen100-1.smt2,,,,,,,,,,,,,,,
bench/queens_bench/super_queen/super_queen100-1.smt2,nil,tarjan,10m,cpulimit -l 100 -- ./qf-idl-solver --preprocessor='nil' --solver='tarjan' --stats --csv --timeout='10m' bench/queens_bench/super_queen/super_queen100-1.smt2,1643052248,486,246212791843,38222554310,260726628270,54802689417,"36,571","165,678,326",,1.643,0.000,246.213,38.223,260.727,54.803
bench/queens_bench/super_queen/super_queen100-1.smt2,t-lin,tarjan,10m,cpulimit -l 100 -- ./qf-idl-solver --preprocessor='t-lin' --solver='tarjan' --stats --csv --timeout='10m' bench/queens_bench/super_queen/super_queen100-1.smt2,1566295414,7268876,232347655315,31897452136,285113047844,50592239682,"35,357","129,898,023",,1.566,0.007,232.348,31.897,285.113,50.592
bench/queens_bench/super_queen/super_queen100-1.smt2,t-quad,tarjan,10m,cpulimit -l 100 -- ./qf-idl-solver --preprocessor='t-quad' --solver='tarjan' --stats --csv --timeout='10m' bench/queens_bench/super_queen/super_queen100-1.smt2,1561970272,10729475,233517005632,34759292384,281801875626,49867586002,"34,367","143,246,445",,1.562,0.011,233.517,34.759,281.802,49.868
bench/queens_bench/super_queen/super_queen100-1.smt2,tie-lin,tarjan,10m,cpulimit -l 100 -- ./qf-idl-solver --preprocessor='tie-lin' --solver='tarjan' --stats --csv --timeout='10m' bench/queens_bench/super_queen/super_queen100-1.smt2,1555702727,83428901,244414933616,36265867784,269910541657,49370024199,"34,247","140,104,389",,1.556,0.083,244.415,36.266,269.911,49.370
bench/queens_bench/super_queen/super_queen100-1.smt2,tie-quad,bf-basic,10m,cpulimit -l 100 -- ./qf-idl-solver --preprocessor='tie-quad' --solver='bf-basic' --stats --csv --timeout='10m' bench/queens_bench/super_queen/super_queen100-1.smt2,1633054304,38097995,24877312362,535931709473,36032673667,3148921238,"3,687","2,988,366,121",,1.633,0.038,24.877,535.932,36.033,3.149
bench/queens_bench/super_queen/super_queen100-1.smt2,tie-quad,bf-full,10m,cpulimit -l 100 -- ./qf-idl-solver --preprocessor='tie-quad' --solver='bf-full' --stats --csv --timeout='10m' bench/queens_bench/super_queen/super_queen100-1.smt2,1658857136,82569612,25974325313,533987877875,36154782895,3849961379,"3,726","3,016,065,208",,1.659,0.083,25.974,533.988,36.155,3.850
bench/queens_bench/super_queen/super_queen100-1.smt2,tie-quad,spfa-basic,10m,cpulimit -l 100 -- ./qf-idl-solver --preprocessor='tie-quad' --solver='spfa-basic' --stats --csv --timeout='10m' bench/queens_bench/super_queen/super_queen100-1.smt2,1855812995,32106680,24525689621,534479663719,37249901721,3650353248,"3,753","2,988,363,670",,1.856,0.032,24.526,534.480,37.250,3.650
bench/queens_bench/super_queen/super_queen100-1.smt2,tie-quad,spfa-full,10m,cpulimit -l 100 -- ./qf-idl-solver --preprocessor='tie-quad' --solver='spfa-full' --stats --csv --timeout='10m' bench/queens_bench/super_queen/super_queen100-1.smt2,1658876518,36336982,258388433953,52266761574,242770280755,46541691164,"31,119","1,142,562,019",,1.659,0.036,258.388,52.267,242.770,46.542
bench/queens_bench/super_queen/super_queen100-1.smt2,tie-quad,tarjan,10m,cpulimit -l 100 -- ./qf-idl-solver --preprocessor='tie-quad' --solver='tarjan' --stats --csv --timeout='10m' bench/queens_bench/super_queen/super_queen100-1.smt2,1669434303,85524616,257954460435,34314599838,261555812577,46124314123,"33,464","132,036,170",,1.669,0.086,257.954,34.315,261.556,46.124
,,,,cpulimit -l 100 -- ./qf-idl-solver --preprocessor='nil' --solver='tarjan' --stats --csv --timeout='10m' bench/queens_bench/toroidal_bench/toroidal_queen100-1.smt2 ; cpulimit -l 100 -- ./qf-idl-solver --preprocessor='t-lin' --solver='tarjan' --stats --csv --timeout='10m' bench/queens_bench/toroidal_bench/toroidal_queen100-1.smt2 ; cpulimit -l 100 -- ./qf-idl-solver --preprocessor='t-quad' --solver='tarjan' --stats --csv --timeout='10m' bench/queens_bench/toroidal_bench/toroidal_queen100-1.smt2 ; cpulimit -l 100 -- ./qf-idl-solver --preprocessor='tie-lin' --solver='tarjan' --stats --csv --timeout='10m' bench/queens_bench/toroidal_bench/toroidal_queen100-1.smt2 ; cpulimit -l 100 -- ./qf-idl-solver --preprocessor='tie-quad' --solver='bf-basic' --stats --csv --timeout='10m' bench/queens_bench/toroidal_bench/toroidal_queen100-1.smt2 ; cpulimit -l 100 -- ./qf-idl-solver --preprocessor='tie-quad' --solver='bf-full' --stats --csv --timeout='10m' bench/queens_bench/toroidal_bench/toroidal_queen100-1.smt2 ; cpulimit -l 100 -- ./qf-idl-solver --preprocessor='tie-quad' --solver='spfa-basic' --stats --csv --timeout='10m' bench/queens_bench/toroidal_bench/toroidal_queen100-1.smt2 ; cpulimit -l 100 -- ./qf-idl-solver --preprocessor='tie-quad' --solver='spfa-full' --stats --csv --timeout='10m' bench/queens_bench/toroidal_bench/toroidal_queen100-1.smt2 ; cpulimit -l 100 -- ./qf-idl-solver --preprocessor='tie-quad' --solver='tarjan' --stats --csv --timeout='10m' bench/queens_bench/toroidal_bench/toroidal_queen100-1.smt2,,,,,,,,,,,,,,,
bench/queens_bench/toroidal_bench/toroidal_queen100-1.smt2,nil,tarjan,10m,cpulimit -l 100 -- ./qf-idl-solver --preprocessor='nil' --solver='tarjan' --stats --csv --timeout='10m' bench/queens_bench/toroidal_bench/toroidal_queen100-1.smt2,2071452088,231,319411088102,38407726779,171139935694,71015270159,"21,300","159,824,587",,2.071,0.000,319.411,38.408,171.140,71.015
bench/queens_bench/toroidal_bench/toroidal_queen100-1.smt2,t-lin,tarjan,10m,cpulimit -l 100 -- ./qf-idl-solver --preprocessor='t-lin' --solver='tarjan' --stats --csv --timeout='10m' bench/queens_bench/toroidal_bench/toroidal_queen100-1.smt2,2011781496,16740803,275422855819,21393340493,238256616788,64894323326,"20,638","87,553,756",,2.012,0.017,275.423,21.393,238.257,64.894
bench/queens_bench/toroidal_bench/toroidal_queen100-1.smt2,t-quad,tarjan,10m,cpulimit -l 100 -- ./qf-idl-solver --preprocessor='t-quad' --solver='tarjan' --stats --csv --timeout='10m' bench/queens_bench/toroidal_bench/toroidal_queen100-1.smt2,1956798309,26028566,282573696127,28558114847,226191365659,62629756438,"18,948","115,381,428",,1.957,0.026,282.574,28.558,226.191,62.630
bench/queens_bench/toroidal_bench/toroidal_queen100-1.smt2,tie-lin,tarjan,10m,cpulimit -l 100 -- ./qf-idl-solver --preprocessor='tie-lin' --solver='tarjan' --stats --csv --timeout='10m' bench/queens_bench/toroidal_bench/toroidal_queen100-1.smt2,2018218066,49310564,281023936563,18622408137,239644135683,60676134573,"20,638","75,473,975",,2.018,0.049,281.024,18.622,239.644,60.676
bench/queens_bench/toroidal_bench/toroidal_queen100-1.smt2,tie-quad,bf-basic,10m,cpulimit -l 100 -- ./qf-idl-solver --preprocessor='tie-quad' --solver='bf-basic' --stats --csv --timeout='10m' bench/queens_bench/toroidal_bench/toroidal_queen100-1.smt2,1940555696,84928484,34419566328,522808140962,37466066461,5249435043,"3,116","3,146,417,159",,1.941,0.085,34.420,522.808,37.466,5.249
bench/queens_bench/toroidal_bench/toroidal_queen100-1.smt2,tie-quad,bf-full,10m,cpulimit -l 100 -- ./qf-idl-solver --preprocessor='tie-quad' --solver='bf-full' --stats --csv --timeout='10m' bench/queens_bench/toroidal_bench/toroidal_queen100-1.smt2,2024075740,88325891,35870237901,521243024310,37185896526,5648985231,"3,107","3,137,423,877",,2.024,0.088,35.870,521.243,37.186,5.649
bench/queens_bench/toroidal_bench/toroidal_queen100-1.smt2,tie-quad,spfa-basic,10m,cpulimit -l 100 -- ./qf-idl-solver --preprocessor='tie-quad' --solver='spfa-basic' --stats --csv --timeout='10m' bench/queens_bench/toroidal_bench/toroidal_queen100-1.smt2,2038180649,87113618,33971085736,525370132463,35440486967,5196064095,"3,113","3,160,422,309",,2.038,0.087,33.971,525.370,35.440,5.196
bench/queens_bench/toroidal_bench/toroidal_queen100-1.smt2,tie-quad,spfa-full,10m,cpulimit -l 100 -- ./qf-idl-solver --preprocessor='tie-quad' --solver='spfa-full' --stats --csv --timeout='10m' bench/queens_bench/toroidal_bench/toroidal_queen100-1.smt2,1983758538,95139871,293363753228,37379148904,213872016788,55356951983,"18,534","801,610,666",,1.984,0.095,293.364,37.379,213.872,55.357
bench/queens_bench/toroidal_bench/toroidal_queen100-1.smt2,tie-quad,tarjan,10m,cpulimit -l 100 -- ./qf-idl-solver --preprocessor='tie-quad' --solver='tarjan' --stats --csv --timeout='10m' bench/queens_bench/toroidal_bench/toroidal_queen100-1.smt2,1939371177,89286031,302924988227,19524831997,220636051376,56877832989,"20,186","87,553,462",,1.939,0.089,302.925,19.525,220.636,56.878
,,,,cpulimit -l 100 -- ./qf-idl-solver --preprocessor='nil' --solver='tarjan' --stats --csv --timeout='10m' bench/diamonds/diamonds.18.10.i.a.u.smt2 ; cpulimit -l 100 -- ./qf-idl-solver --preprocessor='t-lin' --solver='tarjan' --stats --csv --timeout='10m' bench/diamonds/diamonds.18.10.i.a.u.smt2 ; cpulimit -l 100 -- ./qf-idl-solver --preprocessor='t-quad' --solver='tarjan' --stats --csv --timeout='10m' bench/diamonds/diamonds.18.10.i.a.u.smt2 ; cpulimit -l 100 -- ./qf-idl-solver --preprocessor='tie-lin' --solver='tarjan' --stats --csv --timeout='10m' bench/diamonds/diamonds.18.10.i.a.u.smt2 ; cpulimit -l 100 -- ./qf-idl-solver --preprocessor='tie-quad' --solver='bf-basic' --stats --csv --timeout='10m' bench/diamonds/diamonds.18.10.i.a.u.smt2 ; cpulimit -l 100 -- ./qf-idl-solver --preprocessor='tie-quad' --solver='bf-full' --stats --csv --timeout='10m' bench/diamonds/diamonds.18.10.i.a.u.smt2 ; cpulimit -l 100 -- ./qf-idl-solver --preprocessor='tie-quad' --solver='spfa-basic' --stats --csv --timeout='10m' bench/diamonds/diamonds.18.10.i.a.u.smt2 ; cpulimit -l 100 -- ./qf-idl-solver --preprocessor='tie-quad' --solver='spfa-full' --stats --csv --timeout='10m' bench/diamonds/diamonds.18.10.i.a.u.smt2 ; cpulimit -l 100 -- ./qf-idl-solver --preprocessor='tie-quad' --solver='tarjan' --stats --csv --timeout='10m' bench/diamonds/diamonds.18.10.i.a.u.smt2,,,,,,,,,,,,,,,
bench/diamonds/diamonds.18.10.i.a.u.smt2,nil,tarjan,10m,cpulimit -l 100 -- ./qf-idl-solver --preprocessor='nil' --solver='tarjan' --stats --csv --timeout='10m' bench/diamonds/diamonds.18.10.i.a.u.smt2,15743858,180,418489701897,114631606508,47621525554,3761778950,"262,145","423,756,426",,0.016,0.000,418.490,114.632,47.622,3.762
bench/diamonds/diamonds.18.10.i.a.u.smt2,t-lin,tarjan,10m,cpulimit -l 100 -- ./qf-idl-solver --preprocessor='t-lin' --solver='tarjan' --stats --csv --timeout='10m' bench/diamonds/diamonds.18.10.i.a.u.smt2,12458340,14772,420419126476,112858372405,47439715911,3830355450,"262,145","422,417,173",,0.012,0.000,420.419,112.858,47.440,3.830
bench/diamonds/diamonds.18.10.i.a.u.smt2,t-quad,tarjan,10m,cpulimit -l 100 -- ./qf-idl-solver --preprocessor='t-quad' --solver='tarjan' --stats --csv --timeout='10m' bench/diamonds/diamonds.18.10.i.a.u.smt2,14752650,14850,386029250460,111672535700,46463870782,3715664628,"262,145","423,780,495",,0.015,0.000,386.029,111.673,46.464,3.716
bench/diamonds/diamonds.18.10.i.a.u.smt2,tie-lin,tarjan,10m,cpulimit -l 100 -- ./qf-idl-solver --preprocessor='tie-lin' --solver='tarjan' --stats --csv --timeout='10m' bench/diamonds/diamonds.18.10.i.a.u.smt2,12624867,43207,420630070349,112552216744,46723723466,3777917670,"262,145","422,617,029",,0.013,0.000,420.630,112.552,46.724,3.778
bench/diamonds/diamonds.18.10.i.a.u.smt2,tie-quad,bf-basic,10m,cpulimit -l 100 -- ./qf-idl-solver --preprocessor='tie-quad' --solver='bf-basic' --stats --csv --timeout='10m' bench/diamonds/diamonds.18.10.i.a.u.smt2,13472502,42533,4145365920,590304348699,5077171132,452055193,"23,763","3,579,442,156",,0.013,0.000,4.145,590.304,5.077,0.452
bench/diamonds/diamonds.18.10.i.a.u.smt2,tie-quad,bf-full,10m,cpulimit -l 100 -- ./qf-idl-solver --preprocessor='tie-quad' --solver='bf-full' --stats --csv --timeout='10m' bench/diamonds/diamonds.18.10.i.a.u.smt2,15101141,48247,4306050461,590072223736,5175259069,432929144,"24,153","3,638,232,404",,0.015,0.000,4.306,590.072,5.175,0.433
bench/diamonds/diamonds.18.10.i.a.u.smt2,tie-quad,spfa-basic,10m,cpulimit -l 100 -- ./qf-idl-solver --preprocessor='tie-quad' --solver='spfa-basic' --stats --csv --timeout='10m' bench/diamonds/diamonds.18.10.i.a.u.smt2,12152687,42448,4229816218,589961168950,5367141163,408903130,"28,034","3,166,118,091",,0.012,0.000,4.230,589.961,5.367,0.409
bench/diamonds/diamonds.18.10.i.a.u.smt2,tie-quad,spfa-full,10m,cpulimit -l 100 -- ./qf-idl-solver --preprocessor='tie-quad' --solver='spfa-full' --stats --csv --timeout='10m' bench/diamonds/diamonds.18.10.i.a.u.smt2,13570943,43655,415268570464,63802920089,43938738133,3414828067,"262,145","959,796,850",,0.014,0.000,415.269,63.803,43.939,3.415
bench/diamonds/diamonds.18.10.i.a.u.smt2,tie-quad,tarjan,10m,cpulimit -l 100 -- ./qf-idl-solver --preprocessor='tie-quad' --solver='tarjan' --stats --csv --timeout='10m' bench/diamonds/diamonds.18.10.i.a.u.smt2,14870160,49579,413051968592,114388912632,47201310474,3884065818,"262,145","425,219,949",,0.015,0.000,413.052,114.389,47.201,3.884
,,,,cpulimit -l 100 -- ./qf-idl-solver --preprocessor='nil' --solver='tarjan' --stats --csv --timeout='0' bench/mathsat/fischer/FISCHER14-15-ninc.smt2 ; cpulimit -l 100 -- ./qf-idl-solver --preprocessor='t-lin' --solver='tarjan' --stats --csv --timeout='0' bench/mathsat/fischer/FISCHER14-15-ninc.smt2 ; cpulimit -l 100 -- ./qf-idl-solver --preprocessor='t-quad' --solver='tarjan' --stats --csv --timeout='0' bench/mathsat/fischer/FISCHER14-15-ninc.smt2 ; cpulimit -l 100 -- ./qf-idl-solver --preprocessor='tie-lin' --solver='tarjan' --stats --csv --timeout='0' bench/mathsat/fischer/FISCHER14-15-ninc.smt2 ; cpulimit -l 100 -- ./qf-idl-solver --preprocessor='tie-quad' --solver='bf-basic' --stats --csv --timeout='0' bench/mathsat/fischer/FISCHER14-15-ninc.smt2 ; cpulimit -l 100 -- ./qf-idl-solver --preprocessor='tie-quad' --solver='bf-full' --stats --csv --timeout='0' bench/mathsat/fischer/FISCHER14-15-ninc.smt2 ; cpulimit -l 100 -- ./qf-idl-solver --preprocessor='tie-quad' --solver='spfa-basic' --stats --csv --timeout='0' bench/mathsat/fischer/FISCHER14-15-ninc.smt2 ; cpulimit -l 100 -- ./qf-idl-solver --preprocessor='tie-quad' --solver='spfa-full' --stats --csv --timeout='0' bench/mathsat/fischer/FISCHER14-15-ninc.smt2 ; cpulimit -l 100 -- ./qf-idl-solver --preprocessor='tie-quad' --solver='tarjan' --stats --csv --timeout='0' bench/mathsat/fischer/FISCHER14-15-ninc.smt2,,,,,,,,,,,,,,,
bench/mathsat/fischer/FISCHER14-15-ninc.smt2,nil,tarjan,0,cpulimit -l 100 -- ./qf-idl-solver --preprocessor='nil' --solver='tarjan' --stats --csv --timeout='0' bench/mathsat/fischer/FISCHER14-15-ninc.smt2,2434656265,220,2058586017,2697860,7132117,22889728,31,24887,,2.435,0.000,2.059,0.003,0.007,0.023
bench/mathsat/fischer/FISCHER14-15-ninc.smt2,t-lin,tarjan,0,cpulimit -l 100 -- ./qf-idl-solver --preprocessor='t-lin' --solver='tarjan' --stats --csv --timeout='0' bench/mathsat/fischer/FISCHER14-15-ninc.smt2,2291689172,42349,16073076,93483,173152,0,1,898,,2.292,0.000,0.016,0.000,0.000,0.000
bench/mathsat/fischer/FISCHER14-15-ninc.smt2,t-quad,tarjan,0,cpulimit -l 100 -- ./qf-idl-solver --preprocessor='t-quad' --solver='tarjan' --stats --csv --timeout='0' bench/mathsat/fischer/FISCHER14-15-ninc.smt2,2403369415,47262,17261682,83362,173195,0,1,898,,2.403,0.000,0.017,0.000,0.000,0.000
bench/mathsat/fischer/FISCHER14-15-ninc.smt2,tie-lin,tarjan,0,cpulimit -l 100 -- ./qf-idl-solver --preprocessor='tie-lin' --solver='tarjan' --stats --csv --timeout='0' bench/mathsat/fischer/FISCHER14-15-ninc.smt2,2392181580,456162,20994653,94860,196309,0,1,898,,2.392,0.000,0.021,0.000,0.000,0.000
bench/mathsat/fischer/FISCHER14-15-ninc.smt2,tie-quad,bf-basic,0,cpulimit -l 100 -- ./qf-idl-solver --preprocessor='tie-quad' --solver='bf-basic' --stats --csv --timeout='0' bench/mathsat/fischer/FISCHER14-15-ninc.smt2,2463498966,356771,16747375,13430277,166037,0,1,215520,,2.463,0.000,0.017,0.013,0.000,0.000
bench/mathsat/fischer/FISCHER14-15-ninc.smt2,tie-quad,bf-full,0,cpulimit -l 100 -- ./qf-idl-solver --preprocessor='tie-quad' --solver='bf-full' --stats --csv --timeout='0' bench/mathsat/fischer/FISCHER14-15-ninc.smt2,2294820238,339664,16462834,62493,158552,0,1,898,,2.295,0.000,0.016,0.000,0.000,0.000
bench/mathsat/fischer/FISCHER14-15-ninc.smt2,tie-quad,spfa-basic,0,cpulimit -l 100 -- ./qf-idl-solver --preprocessor='tie-quad' --solver='spfa-basic' --stats --csv --timeout='0' bench/mathsat/fischer/FISCHER14-15-ninc.smt2,2342447497,360851,19534459,81968,174673,0,1,898,,2.342,0.000,0.020,0.000,0.000,0.000
bench/mathsat/fischer/FISCHER14-15-ninc.smt2,tie-quad,spfa-full,0,cpulimit -l 100 -- ./qf-idl-solver --preprocessor='tie-quad' --solver='spfa-full' --stats --csv --timeout='0' bench/mathsat/fischer/FISCHER14-15-ninc.smt2,2437630811,354140,16985411,95455,158679,0,1,2338,,2.438,0.000,0.017,0.000,0.000,0.000
bench/mathsat/fischer/FISCHER14-15-ninc.smt2,tie-quad,tarjan,0,cpulimit -l 100 -- ./qf-idl-solver --preprocessor='tie-quad' --solver='tarjan' --stats --csv --timeout='0' bench/mathsat/fischer/FISCHER14-15-ninc.smt2,2419996133,342878,16427215,71601,158535,0,1,898,,2.420,0.000,0.016,0.000,0.000,0.000
,,,,cpulimit -l 100 -- ./qf-idl-solver --preprocessor='nil' --solver='tarjan' --stats --csv --timeout='0' bench/mathsat/post_office/PO4-11-PO4.smt2 ; cpulimit -l 100 -- ./qf-idl-solver --preprocessor='t-lin' --solver='tarjan' --stats --csv --timeout='0' bench/mathsat/post_office/PO4-11-PO4.smt2 ; cpulimit -l 100 -- ./qf-idl-solver --preprocessor='t-quad' --solver='tarjan' --stats --csv --timeout='0' bench/mathsat/post_office/PO4-11-PO4.smt2 ; cpulimit -l 100 -- ./qf-idl-solver --preprocessor='tie-lin' --solver='tarjan' --stats --csv --timeout='0' bench/mathsat/post_office/PO4-11-PO4.smt2 ; cpulimit -l 100 -- ./qf-idl-solver --preprocessor='tie-quad' --solver='bf-basic' --stats --csv --timeout='0' bench/mathsat/post_office/PO4-11-PO4.smt2 ; cpulimit -l 100 -- ./qf-idl-solver --preprocessor='tie-quad' --solver='bf-full' --stats --csv --timeout='0' bench/mathsat/post_office/PO4-11-PO4.smt2 ; cpulimit -l 100 -- ./qf-idl-solver --preprocessor='tie-quad' --solver='spfa-basic' --stats --csv --timeout='0' bench/mathsat/post_office/PO4-11-PO4.smt2 ; cpulimit -l 100 -- ./qf-idl-solver --preprocessor='tie-quad' --solver='spfa-full' --stats --csv --timeout='0' bench/mathsat/post_office/PO4-11-PO4.smt2 ; cpulimit -l 100 -- ./qf-idl-solver --preprocessor='tie-quad' --solver='tarjan' --stats --csv --timeout='0' bench/mathsat/post_office/PO4-11-PO4.smt2,,,,,,,,,,,,,,,
bench/mathsat/post_office/PO4-11-PO4.smt2,nil,tarjan,0,cpulimit -l 100 -- ./qf-idl-solver --preprocessor='nil' --solver='tarjan' --stats --csv --timeout='0' bench/mathsat/post_office/PO4-11-PO4.smt2,4293345861,201,370622987,4029501,4928676,47296044,102,27160,,4.293,0.000,0.371,0.004,0.005,0.047
bench/mathsat/post_office/PO4-11-PO4.smt2,t-lin,tarjan,0,cpulimit -l 100 -- ./qf-idl-solver --preprocessor='t-lin' --solver='tarjan' --stats --csv --timeout='0' bench/mathsat/post_office/PO4-11-PO4.smt2,4386015043,20255,428282175,4812191,5403548,51972212,112,32089,,4.386,0.000,0.428,0.005,0.005,0.052
bench/mathsat/post_office/PO4-11-PO4.smt2,t-quad,tarjan,0,cpulimit -l 100 -- ./qf-idl-solver --preprocessor='t-quad' --solver='tarjan' --stats --csv --timeout='0' bench/mathsat/post_office/PO4-11-PO4.smt2,4304097312,20417,366880549,4288519,4872751,46987678,102,28438,,4.304,0.000,0.367,0.004,0.005,0.047
bench/mathsat/post_office/PO4-11-PO4.smt2,tie-lin,tarjan,0,cpulimit -l 100 -- ./qf-idl-solver --preprocessor='tie-lin' --solver='tarjan' --stats --csv --timeout='0' bench/mathsat/post_office/PO4-11-PO4.smt2,3856971052,112388,208422384,3403072,3202594,26418616,63,20396,,3.857,0.000,0.208,0.003,0.003,0.026
bench/mathsat/post_office/PO4-11-PO4.smt2,tie-quad,bf-basic,0,cpulimit -l 100 -- ./qf-idl-solver --preprocessor='tie-quad' --solver='bf-basic' --stats --csv --timeout='0' bench/mathsat/post_office/PO4-11-PO4.smt2,4335108328,139810,251524358,80908413,4417505,30918289,60,693068,,4.335,0.000,0.252,0.081,0.004,0.031
bench/mathsat/post_office/PO4-11-PO4.smt2,tie-quad,bf-full,0,cpulimit -l 100 -- ./qf-idl-solver --preprocessor='tie-quad' --solver='bf-full' --stats --csv --timeout='0' bench/mathsat/post_office/PO4-11-PO4.smt2,4235252784,106274,230526095,72561800,3287984,29490094,68,786331,,4.235,0.000,0.231,0.073,0.003,0.029
bench/mathsat/post_office/PO4-11-PO4.smt2,tie-quad,spfa-basic,0,cpulimit -l 100 -- ./qf-idl-solver --preprocessor='tie-quad' --solver='spfa-basic' --stats --csv --timeout='0' bench/mathsat/post_office/PO4-11-PO4.smt2,4357428721,109241,231811483,73903494,3382998,28653882,60,669785,,4.357,0.000,0.232,0.074,0.003,0.029
bench/mathsat/post_office/PO4-11-PO4.smt2,tie-quad,spfa-full,0,cpulimit -l 100 -- ./qf-idl-solver --preprocessor='tie-quad' --solver='spfa-full' --stats --csv --timeout='0' bench/mathsat/post_office/PO4-11-PO4.smt2,4444463712,103278,260066653,3812561,3967622,38185400,81,91200,,4.444,0.000,0.260,0.004,0.004,0.038
bench/mathsat/post_office/PO4-11-PO4.smt2,tie-quad,tarjan,0,cpulimit -l 100 -- ./qf-idl-solver --preprocessor='tie-quad' --solver='tarjan' --stats --csv --timeout='0' bench/mathsat/post_office/PO4-11-PO4.smt2,4234134163,110489,226050339,3256001,3081202,26586678,62,20228,,4.234,0.000,0.226,0.003,0.003,0.027
,,,,cpulimit -l 100 -- ./qf-idl-solver --preprocessor='nil' --solver='tarjan' --stats --csv --timeout='10m' bench/parity/31.800.graph.smt2 ; cpulimit -l 100 -- ./qf-idl-solver --preprocessor='t-lin' --solver='tarjan' --stats --csv --timeout='10m' bench/parity/31.800.graph.smt2 ; cpulimit -l 100 -- ./qf-idl-solver --preprocessor='t-quad' --solver='tarjan' --stats --csv --timeout='10m' bench/parity/31.800.graph.smt2 ; cpulimit -l 100 -- ./qf-idl-solver --preprocessor='tie-lin' --solver='tarjan' --stats --csv --timeout='10m' bench/parity/31.800.graph.smt2 ; cpulimit -l 100 -- ./qf-idl-solver --preprocessor='tie-quad' --solver='bf-basic' --stats --csv --timeout='10m' bench/parity/31.800.graph.smt2 ; cpulimit -l 100 -- ./qf-idl-solver --preprocessor='tie-quad' --solver='bf-full' --stats --csv --timeout='10m' bench/parity/31.800.graph.smt2 ; cpulimit -l 100 -- ./qf-idl-solver --preprocessor='tie-quad' --solver='spfa-basic' --stats --csv --timeout='10m' bench/parity/31.800.graph.smt2 ; cpulimit -l 100 -- ./qf-idl-solver --preprocessor='tie-quad' --solver='spfa-full' --stats --csv --timeout='10m' bench/parity/31.800.graph.smt2 ; cpulimit -l 100 -- ./qf-idl-solver --preprocessor='tie-quad' --solver='tarjan' --stats --csv --timeout='10m' bench/parity/31.800.graph.smt2,,,,,,,,,,,,,,,
bench/parity/31.800.graph.smt2,nil,tarjan,10m,cpulimit -l 100 -- ./qf-idl-solver --preprocessor='nil' --solver='tarjan' --stats --csv --timeout='10m' bench/parity/31.800.graph.smt2,8739976681,248,45847559843,338002028021,204374598914,11767422422,1316,418556995,,8.740,0.000,45.848,338.002,204.375,11.767
bench/parity/31.800.graph.smt2,t-lin,tarjan,10m,cpulimit -l 100 -- ./qf-idl-solver --preprocessor='t-lin' --solver='tarjan' --stats --csv --timeout='10m' bench/parity/31.800.graph.smt2,8451811177,2445011,46900708532,336308720796,204788760947,11727688789,1330,424027302,,8.452,0.002,46.901,336.309,204.789,11.728
bench/parity/31.800.graph.smt2,t-quad,tarjan,10m,cpulimit -l 100 -- ./qf-idl-solver --preprocessor='t-quad' --solver='tarjan' --stats --csv --timeout='10m' bench/parity/31.800.graph.smt2,8225941000,1942143,44174607794,337021150584,207039663875,11760952428,1295,412151304,,8.226,0.002,44.175,337.021,207.040,11.761
bench/parity/31.800.graph.smt2,tie-lin,tarjan,10m,cpulimit -l 100 -- ./qf-idl-solver --preprocessor='tie-lin' --solver='tarjan' --stats --csv --timeout='10m' bench/parity/31.800.graph.smt2,8769068296,10014591,40989772311,347809079299,200334793185,10758858491,1262,429176124,,8.769,0.010,40.990,347.809,200.335,10.759
bench/parity/31.800.graph.smt2,tie-quad,bf-basic,10m,cpulimit -l 100 -- ./qf-idl-solver --preprocessor='tie-quad' --solver='bf-basic' --stats --csv --timeout='10m' bench/parity/31.800.graph.smt2,8167681320,10893336,22138165,0,113068068,0,1,877741565,,8.168,0.011,0.022,0.000,0.113,0.000
bench/parity/31.800.graph.smt2,tie-quad,bf-full,10m,cpulimit -l 100 -- ./qf-idl-solver --preprocessor='tie-quad' --solver='bf-full' --stats --csv --timeout='10m' bench/parity/31.800.graph.smt2,8166050216,11249029,23261512,0,105741848,0,1,915344553,,8.166,0.011,0.023,0.000,0.106,0.000
bench/parity/31.800.graph.smt2,tie-quad,spfa-basic,10m,cpulimit -l 100 -- ./qf-idl-solver --preprocessor='tie-quad' --solver='spfa-basic' --stats --csv --timeout='10m' bench/parity/31.800.graph.smt2,8709006060,12348049,22349511,0,198325137,0,1,920282174,,8.709,0.012,0.022,0.000,0.198,0.000
bench/parity/31.800.graph.smt2,tie-quad,spfa-full,10m,cpulimit -l 100 -- ./qf-idl-solver --preprocessor='tie-quad' --solver='spfa-full' --stats --csv --timeout='10m' bench/parity/31.800.graph.smt2,9318648720,14185279,55238444811,284687585100,244980027636,14870107112,1547,1358178801,,9.319,0.014,55.238,284.688,244.980,14.870
bench/parity/31.800.graph.smt2,tie-quad,tarjan,10m,cpulimit -l 100 -- ./qf-idl-solver --preprocessor='tie-quad' --solver='tarjan' --stats --csv --timeout='10m' bench/parity/31.800.graph.smt2,8961372662,14070303,40917337270,348957028932,198913157202,11151110767,1223,409797305,,8.961,0.014,40.917,348.957,198.913,11.151
,,,,cpulimit -l 100 -- ./qf-idl-solver --preprocessor='nil' --solver='tarjan' --stats --csv --timeout='0' bench/planning/plan-49.cvc.smt2 ; cpulimit -l 100 -- ./qf-idl-solver --preprocessor='t-lin' --solver='tarjan' --stats --csv --timeout='0' bench/planning/plan-49.cvc.smt2 ; cpulimit -l 100 -- ./qf-idl-solver --preprocessor='t-quad' --solver='tarjan' --stats --csv --timeout='0' bench/planning/plan-49.cvc.smt2 ; cpulimit -l 100 -- ./qf-idl-solver --preprocessor='tie-lin' --solver='tarjan' --stats --csv --timeout='0' bench/planning/plan-49.cvc.smt2 ; cpulimit -l 100 -- ./qf-idl-solver --preprocessor='tie-quad' --solver='bf-basic' --stats --csv --timeout='0' bench/planning/plan-49.cvc.smt2 ; cpulimit -l 100 -- ./qf-idl-solver --preprocessor='tie-quad' --solver='bf-full' --stats --csv --timeout='0' bench/planning/plan-49.cvc.smt2 ; cpulimit -l 100 -- ./qf-idl-solver --preprocessor='tie-quad' --solver='spfa-basic' --stats --csv --timeout='0' bench/planning/plan-49.cvc.smt2 ; cpulimit -l 100 -- ./qf-idl-solver --preprocessor='tie-quad' --solver='spfa-full' --stats --csv --timeout='0' bench/planning/plan-49.cvc.smt2 ; cpulimit -l 100 -- ./qf-idl-solver --preprocessor='tie-quad' --solver='tarjan' --stats --csv --timeout='0' bench/planning/plan-49.cvc.smt2,,,,,,,,,,,,,,,
bench/planning/plan-49.cvc.smt2,nil,tarjan,0,cpulimit -l 100 -- ./qf-idl-solver --preprocessor='nil' --solver='tarjan' --stats --csv --timeout='0' bench/planning/plan-49.cvc.smt2,1446673000,283,14515850114,2570050487,3220885453,4304187192,"5,417","11,630,065",,1.447,0.000,14.516,2.570,3.221,4.304
bench/planning/plan-49.cvc.smt2,t-lin,tarjan,0,cpulimit -l 100 -- ./qf-idl-solver --preprocessor='t-lin' --solver='tarjan' --stats --csv --timeout='0' bench/planning/plan-49.cvc.smt2,1237224439,622097,13199146625,2283623600,2900838021,3683054654,"4,367","10,127,253",,1.237,0.001,13.199,2.284,2.901,3.683
bench/planning/plan-49.cvc.smt2,t-quad,tarjan,0,cpulimit -l 100 -- ./qf-idl-solver --preprocessor='t-quad' --solver='tarjan' --stats --csv --timeout='0' bench/planning/plan-49.cvc.smt2,1025657391,1136811,10980245585,1954818191,2377658546,3100465516,"3,722","8,560,882",,1.026,0.001,10.980,1.955,2.378,3.100
bench/planning/plan-49.cvc.smt2,tie-lin,tarjan,0,cpulimit -l 100 -- ./qf-idl-solver --preprocessor='tie-lin' --solver='tarjan' --stats --csv --timeout='0' bench/planning/plan-49.cvc.smt2,1349584980,80152306,7869586729,1617476363,1723502716,2096762250,"2,726","6,806,141",,1.350,0.080,7.870,1.617,1.724,2.097
bench/planning/plan-49.cvc.smt2,tie-quad,bf-basic,0,cpulimit -l 100 -- ./qf-idl-solver --preprocessor='tie-quad' --solver='bf-basic' --stats --csv --timeout='0' bench/planning/plan-49.cvc.smt2,1137104039,84052443,18659332861,483524061360,3815388663,4430497683,"4,022","2,625,888,988",,1.137,0.084,18.659,483.524,3.815,4.430
bench/planning/plan-49.cvc.smt2,tie-quad,bf-full,0,cpulimit -l 100 -- ./qf-idl-solver --preprocessor='tie-quad' --solver='bf-full' --stats --csv --timeout='0' bench/planning/plan-49.cvc.smt2,1141479694,4053644,18259079903,466166331959,3608400377,4165548753,"3,911","2,560,383,273",,1.141,0.004,18.259,466.166,3.608,4.166
bench/planning/plan-49.cvc.smt2,tie-quad,spfa-basic,0,cpulimit -l 100 -- ./qf-idl-solver --preprocessor='tie-quad' --solver='spfa-basic' --stats --csv --timeout='0' bench/planning/plan-49.cvc.smt2,1138581591,85742596,48318166049,1051088467853,9562978965,11853298185,"9,863","5,488,883,778",,1.139,0.086,48.318,1051.088,9.563,11.853
bench/planning/plan-49.cvc.smt2,tie-quad,spfa-full,0,cpulimit -l 100 -- ./qf-idl-solver --preprocessor='tie-quad' --solver='spfa-full' --stats --csv --timeout='0' bench/planning/plan-49.cvc.smt2,1029074038,3908616,12372289957,2018360443,2572285417,3170750150,"3,870","38,498,536",,1.029,0.004,12.372,2.018,2.572,3.171
bench/planning/plan-49.cvc.smt2,tie-quad,tarjan,0,cpulimit -l 100 -- ./qf-idl-solver --preprocessor='tie-quad' --solver='tarjan' --stats --csv --timeout='0' bench/planning/plan-49.cvc.smt2,1135545328,3431145,8814711009,1609965489,1881492400,2225170135,"2,766","6,867,988",,1.136,0.003,8.815,1.610,1.881,2.225
,,,,cpulimit -l 100 -- ./qf-idl-solver --preprocessor='nil' --solver='tarjan' --stats --csv --timeout='10m' bench/job_shop/jobshop60-2-30-30-4-4-12.smt2 ; cpulimit -l 100 -- ./qf-idl-solver --preprocessor='t-lin' --solver='tarjan' --stats --csv --timeout='10m' bench/job_shop/jobshop60-2-30-30-4-4-12.smt2 ; cpulimit -l 100 -- ./qf-idl-solver --preprocessor='t-quad' --solver='tarjan' --stats --csv --timeout='10m' bench/job_shop/jobshop60-2-30-30-4-4-12.smt2 ; cpulimit -l 100 -- ./qf-idl-solver --preprocessor='tie-lin' --solver='tarjan' --stats --csv --timeout='10m' bench/job_shop/jobshop60-2-30-30-4-4-12.smt2 ; cpulimit -l 100 -- ./qf-idl-solver --preprocessor='tie-quad' --solver='bf-basic' --stats --csv --timeout='10m' bench/job_shop/jobshop60-2-30-30-4-4-12.smt2 ; cpulimit -l 100 -- ./qf-idl-solver --preprocessor='tie-quad' --solver='bf-full' --stats --csv --timeout='10m' bench/job_shop/jobshop60-2-30-30-4-4-12.smt2 ; cpulimit -l 100 -- ./qf-idl-solver --preprocessor='tie-quad' --solver='spfa-basic' --stats --csv --timeout='10m' bench/job_shop/jobshop60-2-30-30-4-4-12.smt2 ; cpulimit -l 100 -- ./qf-idl-solver --preprocessor='tie-quad' --solver='spfa-full' --stats --csv --timeout='10m' bench/job_shop/jobshop60-2-30-30-4-4-12.smt2 ; cpulimit -l 100 -- ./qf-idl-solver --preprocessor='tie-quad' --solver='tarjan' --stats --csv --timeout='10m' bench/job_shop/jobshop60-2-30-30-4-4-12.smt2,,,,,,,,,,,,,,,
bench/job_shop/jobshop60-2-30-30-4-4-12.smt2,nil,tarjan,10m,cpulimit -l 100 -- ./qf-idl-solver --preprocessor='nil' --solver='tarjan' --stats --csv --timeout='10m' bench/job_shop/jobshop60-2-30-30-4-4-12.smt2,516861007,224,160190934749,90507812163,308901804128,40366688383,"43,222","456,456,625",,0.517,0.000,160.191,90.508,308.902,40.367
bench/job_shop/jobshop60-2-30-30-4-4-12.smt2,t-lin,tarjan,10m,cpulimit -l 100 -- ./qf-idl-solver --preprocessor='t-lin' --solver='tarjan' --stats --csv --timeout='10m' bench/job_shop/jobshop60-2-30-30-4-4-12.smt2,520755531,217579,154581959700,95651437036,309478563050,40235706138,"45,849","506,108,098",,0.521,0.000,154.582,95.651,309.479,40.236
bench/job_shop/jobshop60-2-30-30-4-4-12.smt2,t-quad,tarjan,10m,cpulimit -l 100 -- ./qf-idl-solver --preprocessor='t-quad' --solver='tarjan' --stats --csv --timeout='10m' bench/job_shop/jobshop60-2-30-30-4-4-12.smt2,719945328,264913,157272620013,96051559106,306189959101,40430089276,"44,550","494,490,165",,0.720,0.000,157.273,96.052,306.190,40.430
bench/job_shop/jobshop60-2-30-30-4-4-12.smt2,tie-lin,tarjan,10m,cpulimit -l 100 -- ./qf-idl-solver --preprocessor='tie-lin' --solver='tarjan' --stats --csv --timeout='10m' bench/job_shop/jobshop60-2-30-30-4-4-12.smt2,822678599,97154079,163217710837,92510474372,306153957140,38065155416,"44,218","482,100,485",,0.823,0.097,163.218,92.510,306.154,38.065
bench/job_shop/jobshop60-2-30-30-4-4-12.smt2,tie-quad,bf-basic,10m,cpulimit -l 100 -- ./qf-idl-solver --preprocessor='tie-quad' --solver='bf-basic' --stats --csv --timeout='10m' bench/job_shop/jobshop60-2-30-30-4-4-12.smt2,612527986,7565928,4357718453,583756822619,10478784843,1057356861,"1,283","3,380,463,490",,0.613,0.008,4.358,583.757,10.479,1.057
bench/job_shop/jobshop60-2-30-30-4-4-12.smt2,tie-quad,bf-full,10m,cpulimit -l 100 -- ./qf-idl-solver --preprocessor='tie-quad' --solver='bf-full' --stats --csv --timeout='10m' bench/job_shop/jobshop60-2-30-30-4-4-12.smt2,525525836,94118994,5022924066,583063216810,10479296110,1134546804,"1,281","3,365,834,647",,0.526,0.094,5.023,583.063,10.479,1.135
bench/job_shop/jobshop60-2-30-30-4-4-12.smt2,tie-quad,spfa-basic,10m,cpulimit -l 100 -- ./qf-idl-solver --preprocessor='tie-quad' --solver='spfa-basic' --stats --csv --timeout='10m' bench/job_shop/jobshop60-2-30-30-4-4-12.smt2,434405896,86043711,6055701489,582084837162,10765325060,1039411811,"1,316","3,332,857,606",,0.434,0.086,6.056,582.085,10.765,1.039
bench/job_shop/jobshop60-2-30-30-4-4-12.smt2,tie-quad,spfa-full,10m,cpulimit -l 100 -- ./qf-idl-solver --preprocessor='tie-quad' --solver='spfa-full' --stats --csv --timeout='10m' bench/job_shop/jobshop60-2-30-30-4-4-12.smt2,518589868,6913448,149880822157,126829391572,286801667506,36455598583,"46,207","2,578,741,641",,0.519,0.007,149.881,126.829,286.802,36.456
bench/job_shop/jobshop60-2-30-30-4-4-12.smt2,tie-quad,tarjan,10m,cpulimit -l 100 -- ./qf-idl-solver --preprocessor='tie-quad' --solver='tarjan' --stats --csv --timeout='10m' bench/job_shop/jobshop60-2-30-30-4-4-12.smt2,523500228,5982240,151123201705,94097173960,315461342056,39290319527,"50,418","508,192,863",,0.524,0.006,151.123,94.097,315.461,39.290